{
	"IcoMoonType": "selection",
	"icons": [
		{
			"icon": {
				"paths": [
					"M329.143 512q0 14.857-10.857 25.714l-256 256q-10.857 10.857-25.714 10.857t-25.714-10.857-10.857-25.714v-512q0-14.857 10.857-25.714t25.714-10.857 25.714 10.857l256 256q10.857 10.857 10.857 25.714z"
				],
				"attrs": [],
				"isMulticolor": false,
				"width": 329,
				"tags": [
					"caret-right"
				],
				"grid": 0
			},
			"attrs": [],
			"properties": {
				"order": 1,
				"id": 0,
				"prevSize": 28,
				"code": 59652,
				"name": "caret-right"
			},
			"setIdx": 0,
			"setId": 3,
			"iconIdx": 0
		},
		{
			"icon": {
				"paths": [
					"M678.4 512l-365.619-379.904c-13.722-13.824-13.722-36.198 0-50.125 13.722-13.824 35.891-13.824 49.613 0l400.896 404.89c13.722 13.875 13.722 36.301 0 50.125l-400.896 404.89c-13.722 13.875-35.891 13.824-49.613 0-13.722-13.773-13.722-36.198 0-50.125l365.619-379.75z"
				],
				"attrs": [],
				"isMulticolor": false,
				"tags": [
					"chevron-thin-right"
				],
				"grid": 0
			},
			"attrs": [],
			"properties": {
				"order": 1,
				"id": 3,
				"prevSize": 28,
				"code": 59651,
				"name": "chevron-thin-right"
			},
			"setIdx": 2,
			"setId": 1,
			"iconIdx": 0
		},
		{
			"icon": {
				"paths": [
					"M839.68 460.8h-655.36c-28.262 0-30.72 22.886-30.72 51.2s2.458 51.2 30.72 51.2h655.36c28.262 0 30.72-22.886 30.72-51.2s-2.458-51.2-30.72-51.2zM839.68 665.6h-655.36c-28.262 0-30.72 22.886-30.72 51.2s2.458 51.2 30.72 51.2h655.36c28.262 0 30.72-22.886 30.72-51.2s-2.458-51.2-30.72-51.2zM184.32 358.4h655.36c28.262 0 30.72-22.886 30.72-51.2s-2.458-51.2-30.72-51.2h-655.36c-28.262 0-30.72 22.886-30.72 51.2s2.458 51.2 30.72 51.2z"
				],
				"attrs": [],
				"isMulticolor": false,
				"tags": [
					"menu"
				],
				"grid": 0
			},
			"attrs": [],
			"properties": {
				"order": 1,
				"id": 2,
				"prevSize": 28,
				"name": "menu",
				"code": 59648
			},
			"setIdx": 2,
			"setId": 1,
			"iconIdx": 1
		},
		{
			"icon": {
				"paths": [
					"M711.219 891.802c13.722 13.926 13.722 36.301 0 50.125s-35.891 13.875-49.613 0l-400.896-404.89c-13.722-13.824-13.722-36.198 0-50.125l400.896-404.89c13.722-13.824 35.891-13.824 49.613 0 13.722 13.875 13.722 36.301 0 50.125l-365.619 379.853 365.619 379.802z"
				],
				"attrs": [],
				"isMulticolor": false,
				"tags": [
					"chevron-thin-left"
				],
				"grid": 0
			},
			"attrs": [],
			"properties": {
				"order": 2,
				"id": 1,
				"prevSize": 28,
				"name": "chevron-thin-left",
				"code": 59649
			},
			"setIdx": 2,
			"setId": 1,
			"iconIdx": 2
		},
		{
			"icon": {
				"paths": [
					"M231.219 386.458c22.323-22.835 53.402-24.627 80.691 0l200.090 191.846 200.090-191.846c27.29-24.627 58.419-22.835 80.589 0 22.323 22.784 20.89 61.286 0 82.688-20.787 21.402-240.384 230.502-240.384 230.502-11.11 11.418-25.702 17.152-40.294 17.152s-29.184-5.734-40.397-17.152c0 0-219.494-209.101-240.384-230.502-20.941-21.402-22.323-59.904 0-82.688z"
				],
				"attrs": [],
				"isMulticolor": false,
				"tags": [
					"chevron-down"
				],
				"grid": 0
			},
			"attrs": [],
			"properties": {
				"order": 3,
				"id": 0,
				"prevSize": 28,
				"name": "chevron-down",
				"code": 59650
			},
			"setIdx": 2,
			"setId": 1,
			"iconIdx": 3
		},
		{
			"icon": {
				"paths": [
					"M640 256v-256h-448l-192 192v576h384v256h640v-768h-384zM192 90.51v101.49h-101.49l101.49-101.49zM64 704v-448h192v-192h320v192l-192 192v256h-320zM576 346.51v101.49h-101.49l101.49-101.49zM960 960h-512v-448h192v-192h320v640z"
				],
				"attrs": [],
				"isMulticolor": false,
				"tags": [
					"copy",
					"duplicate",
					"files",
					"pages",
					"papers",
					"documents"
				],
				"grid": 16
			},
			"attrs": [],
			"properties": {
				"order": 11,
				"prevSize": 16,
				"ligatures": "copy, duplicate",
				"name": "copy",
				"id": 45,
				"code": 59653
			},
			"setIdx": 3,
			"setId": 0,
			"iconIdx": 44
		}
	],
	"height": 1024,
	"metadata": {
		"name": "icomoon"
	},
	"preferences": {
		"showGlyphs": true,
		"showQuickUse": true,
		"showQuickUse2": true,
		"showSVGs": true,
		"fontPref": {
			"prefix": "icon-",
			"metadata": {
				"fontFamily": "icomoon",
				"majorVersion": 1,
				"minorVersion": 0
			},
			"metrics": {
				"emSize": 1024,
				"baseline": 6.25,
				"whitespace": 50
			},
			"embed": false,
			"showSelector": false,
			"showMetrics": false,
			"showMetadata": false,
			"showVersion": false
		},
		"imagePref": {
			"prefix": "icon-",
			"png": true,
			"useClassSelector": true,
			"color": 4473924,
			"bgColor": 16777215,
			"classSelector": ".icon"
		},
		"historySize": 100,
		"showCodes": true,
		"gridSize": 16,
		"showLiga": false
	}
}